{
  "Standard Interior": {
    "description": "A standard 80cm wide interior door.",
    "width": 80,
    "draw_style": "Swinging",
    "color_bgr": [150, 75, 0]
  },
  "Sliding Pocket Door": {
    "description": "A 90cm door that slides into the wall.",
    "width": 90,
    "draw_style": "Sliding",
    "color_bgr": [200, 50, 50]
  },
  "Double Doors": {
    "description": "A wide 150cm opening with two doors.",
    "width": 150,
    "draw_style": "DoubleSwinging",
    "color_bgr": [0, 100, 0]
  },
  "Main Entry": {
    "description": "A solid 100cm wide main entry door.",
    "width": 100,
    "draw_style": "Swinging",
    "color_bgr": [42, 42, 165]
  }
}