{
   "Rectangle": {
    "description": "A simple rectangular room",
    "coordinates": [[0, 0], [400, 0], [400, 300], [0, 300]]
  },
    "L-Shape": {
        "description": "L-shaped room",
        "coordinates": [
            [0, 0], [500, 0], [500, 200], [200, 200], [200, 400], [0, 400]
        ]
    },
    "T-Shape": {
        "description": "T-shaped room",
        "coordinates": [
            [150, 0], [350, 0], [350, 150], [500, 150], [500, 300], [0, 300], [0, 150], [150, 150]
        ]
    },
    "U-Shape": {
        "description": "U-shaped room",
        "coordinates": [
            [0, 0], [500, 0], [500, 400], [350, 400], [350, 150], [150, 150], [150, 400], [0, 400]
        ]
    },
    "Plus-Shape": {
        "description": "Plus or Cross shaped room",
        "coordinates": [
            [150, 0], [300, 0], [300, 150], [450, 150], [450, 300], [300, 300], [300, 450], [150, 450], [150, 300], [0, 300], [0, 150], [150, 150]
        ]
    }
}