{
  "Standard Window": {
    "description": "A standard 120cm wide window.",
    "width": 120,
    "draw_style": "Standard",
    "color_bgr": [255, 150, 0]
  },
  "Bathroom Window": {
    "description": "A small 60cm wide window, often placed higher on a wall.",
    "width": 60,
    "draw_style": "Standard",
    "color_bgr": [255, 180, 50]
  },
  "Picture Window": {
    "description": "A large 200cm wide window for living rooms or scenic views.",
    "width": 200,
    "draw_style": "Standard",
    "color_bgr": [255, 100, 0]
  }
}