File Name,Candidate Name,Contact Info,Education,Skills,Work Experience,Achievements,Summary
resume.pdf,Prasanna Vijayakumar,"prasannavijayakumar08@gmail.com
+91 9092425003
www.linkedin.com/in/PrasannaV08/
https://github.com/Prasannavij","Bachelor of Technology in Artificial Intelligence and Data Science
Erode Sengunthar Engineering College
Expected 2025
Attained an CGPA of 8.15 through the fifth semester of studies.","SQL, ML, Python, Azure AI Fundamentals, Data Analytics, Tableau, Power BI","[{'Title': 'Project Intern, C-DAC Delhi', 'Dates': 'July 2023 - September 2023', 'Description': 'Enhanced EOG signal processing efficiency by 25% through the application of advanced machine learning algorithms. Improved the accuracy and reliability of stress detection solutions in collaboration with the Neuro Cognitive AI & XR Group, achieving a 20% increase in precision. Streamlined research documentation processes, contributing to a 30% reduction in report preparation time.'}]","['Awarded second prize for a paper on Cyber Security, showcasing expertise in digital security.', 'Reduced data processing time by 40% through optimized SQL queries.', 'Achieved over 90% accuracy in pothole detection across static and kinetic environments using YOLO v4 Tiny.', 'Achieved 84.08% in Higher Secondary (12th grade) education.', 'Achieved 83.4% in Secondary Education (10th grade).']","A highly motivated and skilled student pursuing a Bachelor of Technology in Artificial Intelligence and Data Science, with a strong foundation in machine learning, data analysis, and SQL.  Proven ability to apply technical skills to solve complex problems, demonstrated through project internships and academic achievements."
resume2.pdf,Mohammed Harish S,"+91 8825783031, mohammedharish05@gmail.com, 914, Villupuram housing board, Madurai District -625012, https://www.linkedin.com/in/mohammed-harish/","[{'Institution': 'Mepco Schlenk Engineering College', 'Degree': 'Master of Computer Applications', 'Percentage': '73%'}, {'Institution': 'The American College, Madurai', 'Degree': 'Bachelor of Computer Application', 'Percentage': '72%'}, {'Institution': 'KVT Matric Higher Secondary School, Madurai', 'Degree': 'HSC', 'Percentage': '62%'}]","['C', 'Python', 'Java', 'HTML', 'CSS', 'JavaScript', 'Python Django', 'Flutter', 'Teamwork and Collaboration', 'Quick Learning', 'Work Ethic', 'English', 'Tamil']","[{'Project': 'Dine Ease Management using Python and Django', 'Duration': '6 Months', 'Description': 'A web application to store and retrieve customer details by using Python and Django and used to book tables, order food items in the menu.'}, {'Project': 'Live streaming app', 'Description': 'A Live streaming app that facilitates communication via audio and video using APIs, with data stored in a Firebase database.'}]","['Completed a Diploma Certificate Course in Advanced Java Programming at CSC, Madurai (April 2022)', ""Workshop on flutter app development held at Techobytes Technologies in collaboration with Chemplus'24 ,Ches IIT Madras"", 'Completed a Value Added Course in Digital Media Design and Video Editing, Graphics design with CorelDraw and IEEE English for Technical Professionals.']",Highly motivated and enthusiastic graduate to work in an environment which encourages me to succeed and grow professionally where I can utilize my skills and knowledge appropriately.
resume.pdf,Prasanna Vijayakumar,"prasannavijayakumar08@gmail.com
+91 9092425003
www.linkedin.com/in/PrasannaV08/
https://github.com/Prasannavij","Bachelor of Technology in Artificial Intelligence and Data Science
Erode Sengunthar Engineering College
Expected 2025
Attained an CGPA of 8.15 through the fifth semester of studies.","SQL, ML, Python, Azure AI Fundamentals, Data Analytics, Tableau, Power BI","[{'Title': 'Project Intern, C-DAC Delhi', 'Dates': 'July 2023 - September 2023', 'Responsibilities': ['Enhanced EOG signal processing efficiency by 25% through the application of advanced machine learning algorithms.', 'Improved the accuracy and reliability of stress detection solutions in collaboration with the Neuro Cognitive AI & XR Group, achieving a 20% increase in precision.', 'Streamlined research documentation processes, contributing to a 30% reduction in report preparation time.']}]","['Awarded second prize for a paper on Cyber Security, showcasing expertise in digital security.', 'Organized international startup conclave, fostering global networking and innovation.', 'Led organization of tech hackathon, showcasing strong analytical and logistical skills.', 'Achieved over 90% accuracy in pothole detection across static and kinetic environments using YOLO v4 Tiny.']","Prasanna Vijayakumar is an aspiring AI and Data Science professional with a strong academic background and practical experience.  He has a demonstrated ability to apply machine learning algorithms to solve real-world problems, as evidenced by his work on signal processing efficiency, stress detection, and pothole detection systems. His projects demonstrate skills in SQL, Python, and data analysis tools."
resume2.pdf,Mohammed Harish S,"+91 8825783031, mohammedharish05@gmail.com, 914, Villupuram housing board, Madurai District -625012, https://www.linkedin.com/in/mohammed-harish/","[{'Institution': 'Mepco Schlenk Engineering College', 'Degree': 'Master of Computer Applications', 'Percentage': '73%'}, {'Institution': 'The American College, Madurai', 'Degree': 'Bachelor of Computer Application', 'Percentage': '72%'}, {'Institution': 'KVT Matric Higher Secondary School, Madurai', 'Degree': 'HSC', 'Percentage': '62%'}]","['C', 'Python', 'Java', 'HTML', 'CSS', 'JavaScript', 'Python Django', 'Flutter', 'Teamwork and Collaboration', 'Quick Learning', 'Work Ethic', 'English', 'Tamil']","[{'Project': 'Dine Ease Management using Python and Django', 'Duration': '6 Months', 'Description': 'A web application to store and retrieve customer details by using Python and Django and used to book tables, order food items in the menu.'}, {'Project': 'Live streaming app', 'Description': 'A Live streaming app that facilitates communication via audio and video using APIs, with data stored in a Firebase database'}]","['Completed a Diploma Certificate Course in Advanced Java Programming at CSC, Madurai (April 2022)', ""Workshop on flutter app development held at Techobytes Technologies in collaboration with Chemplus'24 ,Ches IIT Madras"", 'Completed a Value Added Course in Digital Media Design and Video Editing, Graphics design with CorelDraw and IEEE English for Technical Professionals.']",Highly motivated and enthusiastic graduate to work in an environment which encourages me to succeed and grow professionally where I can utilize my skills and knowledge appropriately.
