{
  "Standard Interior": {
    "description": "A standard 80cm wide interior door for bedrooms and offices.",
    "width": 80,
    "draw_style": "Swinging",
    "color_bgr": [150, 75, 0]
  },
  "Wide Accessible": {
    "description": "A wider 90cm door, suitable for accessibility requirements.",
    "width": 90,
    "draw_style": "Swinging",
    "color_bgr": [200, 50, 50]
  },
  "Narrow Closet": {
    "description": "A narrow 60cm door for small closets or pantries.",
    "width": 60,
    "draw_style": "Swinging",
    "color_bgr": [128, 128, 128]
  },
  "Main Entry": {
    "description": "A solid 100cm wide main entry door.",
    "width": 100,
    "draw_style": "Swinging",
    "color_bgr": [42, 42, 165]
  },
  "Double Doors": {
    "description": "A wide 150cm opening with two doors. Note: Drawn as a single swing.",
    "width": 150,
    "draw_style": "Swinging",
    "color_bgr": [0, 100, 0]
  }
}