{
   "Rectangle": {
    "description": "A simple rectangular room",
    "coordinates": [[0, 0], [200, 0], [200, 150], [0, 150]]
  },
    "L-Shape": {
        "description": "L-shaped room",
        "coordinates": [
            [0, 0], [300, 0], [300, 100], [100, 100], [100, 200], [0, 200]
        ]
    },
    "T-Shape": {
        "description": "T-shaped room",
        "coordinates": [
            [100, 0], [200, 0], [200, 100], [300, 100], [300, 200], [0, 200], [0, 100], [100, 100]
        ]
    },
    "U-Shape": {
        "description": "U-shaped room",
        "coordinates": [
            [0, 0], [300, 0], [300, 300], [200, 300], [200, 100], [100, 100], [100, 300], [0, 300]
        ]
    },
    "Plus-Shape": {
        "description": "Plus or Cross shaped room",
        "coordinates": [
            [100, 0], [200, 0], [200, 100], [300, 100], [300, 200], [200, 200], [200, 300], [100, 300], [100, 200], [0, 200], [0, 100], [100, 100]
        ]
    }
}